2837,Montaneros 408
2766,Lion Sq SOUTH 373
21624,Villas at Swan's Nest #701
17857,Beaver Run 31430
21736,1520-53910
2580,Charter 4450
21627,51CUDDLEBEARJCN
16576,51CFHAVEHOLDN
4368,1102
5196,1520-102096
4624,CL22
18898,Enclave 103
5934,EagleRidge Ldg 200
16753,53CFHONEYPOTN
11529,Timber Run 318
2557,Charter 4275
14840,WaterHS 5206
21724,1520-104595
2445,Charter 1220
5891,1554-54287
2535,Charter 3440
2572,Charter 4410
14234,1243-124617
16661,52CFMTNTOPN
15137,Main Stn 2302
2317,1243-92913
20600,RP42T
16302,PS113
2293,1243-41363
2737,Lion Sq NORTH 388
14182,rb1525
20930,SUNC6
20954,Phoenix 117
21950,Borders Lower 204
16394,462CASITARRBN
4607,BM101-4bed
14512,Main Stn 1314
20564,MCP22
19327,KC 4 3x3
2426,Borders Upper 105
20680,EW113A
2202,1243-88870
11799,1243-116829
17010,58CFMTNTOPLDGN
5150,1520-50598
14079,1243-120946
16937,54SMOLDHICKHHN
16410,462PJSHIDEACHN
2238,1243-52656
2618,Charter 52105
15418,HC705 2x1
2608,Charter 51305
4535,2260
2907,Bronze Tree 502
5907,1554-54384
4596,BCL410
2211,1243-66454
14245,1243-125895
14333,BlueSky 301
2415,Borders Lower 311
5790,1243-80461
21993,Timber Run 417
5249,1520-50642
21600,Timber Run 209
6770,09EN1
5967,Timber Run 210A
15431,LVA6 2x2
2538,Charter 4120
2134,Main Street Junc.15
15357,BV 1921 1x1
4767,RB101
16644,52BEARNOOKWVN
2813,Montaneros 208
17796,Oro Grande 204
2085,MK7
14725,RML W115E
5977,Timber Run 218
16412,462RVREDGERFNN
17879,Elk Ridge 422
16255,104852EMP
20470,639PA
13623,1243-119240
2556,Charter 42705
20574,P105A
4834,PCI-4
5422,EagleRidge Ldg 302
21858,472GARCIAGRDNSFN
16585,51CFSCENSOLITN
14492,Main Stn 1214
14317,1243-132785
5958,Timber Run 119
14340,BlueSky 405
21714,1243-107302
5911,1554-66789
20568,MCP32
2638,Charter 6235
21711,WE01
5405,EagleRidge Ldg 103
4666,MBB07
2650,Charter 63305
3137,Ironwood 11
5409,EagleRidge Ldg 107
14898,WaterHS 6408
14550,Main Stn 2206
2087,MK9
6818,RED40
2649,Charter 6330
4716,MI306
14697,RML RW115
5284,1520-102808
2799,Lion Sq SOUTH 566
17920,Village at Breck 3706
21868,473ARTISTROAD48SFN
16910,54RTOPLOOKRTN
15332,BV 1531 2x2
4768,RB203
2639,Charter 6240
3942,Torian Plaza 307
2817,Montaneros 214
16273,EW204B
15436,MR14-1 3x2
4635,ETP01
15457,SS213 3x3
17022,Images
14077,1554-117101
2095,PF474
5481,Kutuk 208
5971,Timber Run 213A
16599,51FAWNCABACN
2566,Charter 43505
14622,Riverbend 207
2666,Charter 71205
20641,TW9A
16873,54CFHIDPLEASN
14402,Dbl Eagle B32
16917,54SMASPENSFN
16847,54ABVCLDSBBFN
20472,6599L
4914,THA09
16315,PS147
4461,2217
3951,Torian Plaza 404
2271,1243-38859
2812,Montaneros 206
2368,1243-21362
2668,Charter 7130
21967,1243-145456
15305,BV 0724 1x1
14804,Tyra2 C124
20597,RBS3820
14562,Main Stn 3303
5283,1520-102778
2500,Charter 3010
2521,Charter 3225
5446,EagleRidge TH 1496
4759,PAL3H
15467,Village Center #6
18904,Enclave 209
2449,Charter 12505
20562,LL208
2785,Lion Sq SOUTH 470
21194,WH506
16659,52CFMOONHIDEN
4587,BCL308
21629,52JSTFURRELXINN
11800,1243-117230
14428,Exp Stn 8616
16428,463BREAKARMLN
2226,1498-52186
21764,1520-50560
16474,464LAPOSADARWPN
15347,BV 1814 2x2
5278,1520-102761
2675,Charter 7165
20507,BB408Combo
14704,RML RW213
16702,52RUNNINGDCN
5152,1520-50614
2354,1243-41355
14629,Riverbend 308
5153,1520-56825
2677,Charter 72105
5836,Trailhead Ldg 3113
17783,Main Stn 1212
21281,1520-50615
18172,Phoenix 201
11763,HC22
21959,1243-145161
5721,Stonewood 1195
5463,First Tracks 4101
16827,53SMMTNVIEWCVN
16434,463EVERESTABEN
4592,BCL404
3580,Snow Flower 111
5439,EagleRidge TH 1435
15331,BV 1531 1x1
5130,BCL301A
20055,Cortina 4
16613,51SENECALHN
21772,1520-69157
2789,Lion Sq SOUTH 477
14346,BlueSky 411
11493,1243-106519
21770,1520-50613
14217,7696-116105
2367,1243-75696
16681,52GATSUMIACN
20567,MCP31
17890,Los Pinos C14
15372,BV 2033 2x2
6030,1554-54397
4677,MI107
21761,1520-50643
2301,1243-37984
21855,472EENCHANTSFW
4734,MI405
21877,473ELCORAZSFN
20465,1275SRB
20474,AH5
14751,Saddlewood B73
14334,BlueSky 303
15316,BV 0924 1x1
5932,1520-104594
18915,Enclave 310
20532,DV355A
14197,1498-52194
14846,WaterHS 5305
11784,HC40-41-44
15281,BV 0521 2x2
6021,Timber Run 420
21960,52AMERICANDRMCN
16786,53OURMTNBCN
16479,464SKYHAWKAJBN
20523,CB307
5392,Dulany 205
2593,Charter 50205
14558,Main Stn 2404
2547,Charter 4215
16941,54STONEBRRSN
20566,MCP24
15390,Dreamcatcher IN3-D 5x4.5
14198,1498-122975
16256,1048EMP
5674,Ptarmigan House 21
4475,2222
4616,CHAMF
14338,BlueSky 402
14420,ElkRidge 408
2399,Borders Lower 203
16366,TPA102
5876,1554-54508
21022,QE2426
16686,52HRTSOULMSN
2251,1498-52170
2266,1243-21374
6043,1554-54308
2433,Borders Upper 402
16297,PORT7
2732,Lion Sq NORTH 296
21891,475CASASEBSFN
21827,Phoenix 228
16719,52SMSECONDBBLN
18916,Enclave 313
20635,T201B
5161,1520-50650
16454,463SLEEPYRJLN
16328,PS223
21977,Charter 7125
16904,54HOMESPNDTN
5275,1520-102650
14618,Riverbend 001
15288,BV 0612 1x1
2453,Charter 1320
14185,tf2616
2640,Charter 6250
14364,BlueSky 603
14788,Tyra1 A2D
4520,2254
16727,52TOGETHSRN
20988,BB202
20502,BB351Combo
16470,464EGLRESTALRN
2573,Charter 44105
5856,Trailhead Ldg 4115
14200,SB 103r
2536,Charter 3450
17023,58SODREAMERN
4398,1131
2554,Charter 4255
2560,Charter 4310
16755,53CFMOONTHTRN
2230,1498-69065
11834,1498-103672
2360,1243-47750
2247,1243-27626
21893,475HACIENDADETESUQUESN
15344,BV 1734 1x1
14446,Junction 16
4870,Charter 31405
16343,PS244
14206,Ten Mile Suites 103
5420,EagleRidge Ldg 300
8101,1554-104781
11770,HC27
16668,52CFSPLASHSUNN
4749,MI420
14886,WaterHS 6310
14729,RML W212C
5862,Trailhead Ldg 5108
5379,Christie Club 315
16709,52SMDOUBLEDTON
21730,1520-50615
16968,55FOURSISDTN
6048,1554-54441
17928,Village Point 202
2659,Charter 7050
2396,Borders Lower 113
2975,Champagne Ldg 3104
16305,PS122
5841,Trailhead Ldg 3119
13293,4033 Ski Hill Rd
16311,PS134
18173,Phoenix 210
4739,MI410
16735,53ALPNIGHTSGFN
2386,C103E
11778,HC35
4854,BCL308B
21745,1520-104594
11575,1167
21656,Villas at Swan's Nest #701
2295,1243-47772
17862,Beaver Run 4333
15810,BV 2T hotel 0521
21729,1520-102600
5141,W890
5923,1554-54120
16737,53AROUNDTBBBFN
21815,1520-102774
16758,53CFRETURNTON
2818,Montaneros 216
16736,53AMAZRVRRSN
5136,BV201
14749,Saddlewood B35
11196,1520-106890
20468,342MA
14342,BlueSky 407
4699,MI209
2083,MK4
16985,55SMGREATESC2GFN
15442,MR28-4 3x2
16622,51SOSERENBBFN
14273,7696-125247
16292,LMV32
4653,LU5B
17927,Village Point 106
21820,Canyon Creek OA206
18914,Enclave 309
4411,1151
14315,1520-131316
16908,54PEACEVIEWPFN
16912,54SILVERRFN
2770,Lion Sq SOUTH 450
14849,WaterHS 5307
11562,1243-101308
2540,Charter 4125
3455,Meadows Buckingham 1
14706,RML RW217
15262,BV 0214 2x2
4776,RUSSELL
11596,1520-110995
14779,TimberRdg 511
20577,PA240
18912,Enclave 307
3584,Snow Flower 112
5158,1520-50567
5176,1520-50671
20644,WGVilla2
21945,1243-142871
14612,ParkPlace E201
16340,PS236-1
2107,120 Rachel Lane
16389,462AURORARLGN
14311,Trailhead Ldg 5109
5205,1520-100055
16625,51TENDERMBCN
14470,Los Pinos D10
4864,Borders Lower 312
16949,55BIGBEARPVN
21777,1520-54582
20488,BB207
4377,1107
11554,EagleRidge TH 1521
15174,RiverClub3BR
15423,HVLadora 3 2x2
20642,TW9B
16742,53BEARESSBBFN
11760,HC20
5400,Dulany 405
4881,TL401
4663,MBB04
18964,Charter 44505
5112,BCL208A
5229,1520-50680
2783,Lion Sq SOUTH 468
14770,Ski Run 108
20573,ON504B
21752,1520-50567
16314,PS144
17913,Tyra Stream 235
3976,Torian Plaza 508
14336,BlueSky 305
2542,Charter 4180
16776,53HONEYCVEDLN
14261,1243-125405
18818,Main Stn 1411
2602,Charter 51105
4726,MI316
2683,Charter 74105
16953,55CFBCREEKLDGN
5847,Trailhead Ldg 4105
2760,Lion Sq SOUTH 365
6003,Timber Run 403
5959,Timber Run 120
4569,BCL111
2429,Borders Upper 203
14833,WaterHS 5109
2111,400 Whispering Pines Dr.
6045,1554-54469
2462,Charter 14505
15378,BV 2T hotel 2023
15308,BV 0811 2x2
15157,WaterHS 5211
4491,2233
21742,1520-50685
2199,1243-77550
2409,Borders Lower 300
5393,Dulany 301
16821,53SMMDREAM2HHN
4530,2256
2086,MK8
21956,54MTNDRMSMSN
2848,Royal Elk 8
8658,1520-105875
2555,Charter 4270
21846,472ARTRD31SFN
2748,Lion Sq SOUTH 166
16860,54BEARSLDBBFN
20932,Sundara Place
3450,Meadows Buckingham 2
11611,1243-113075
21116,TPB205
15375,BV 2T hotel 1113
6836,TS206
4610,CasaA
20949,464WHTMNTPARJMN
14172,br205f
2417,Borders Lower 401
2763,Lion Sq SOUTH 369
16291,LL303
4740,MI411
5175,1520-75480
21748,1520-50614
16928,54SMGRANDGETAWVN
4406,1148
15424,HVWaldorf 5 3x2
11839,1498-106711
3596,Snow Flower 207
14199,BCL107
20517,CB102
16441,463MOOSEMNRRBSN
4444,2208
18359,BV 0231 3x2
3969,Torian Plaza 506
21968,1243-145453
5993,Timber Run 312
16979,55MTNDRMSMSN
20272,1243-137995
5681,Ptarmigan House 38
20588,Q2346
18777,Phoenix 224
14307,2250
15322,BV 1033 2x2
16402,462FOXHOLL08FXN
15301,BV 0721 1x1
6037,1554-71628
21733,1520-101985
21737,1520-50660
21851,472CASANOMBRESFN
20480,BB104
21834,471ALMACASITASFN
16701,52ROBINVSPN
21843,472ARTRD18SFN
5381,Christie Club 325
16997,56CFDANCINGBN
15399,HC1804 3x2
16263,946WS
16350,QE2421
2669,Charter 71305
3997,Torian Plaza 804
21880,473PLAZSPLENDSFN
3608,Snow Flower 305
11836,1498-117456
5178,1520-50682
2139,Liftside 4416
16450,463RVRSIDERDJN
17019,58SMHEMINNHHN
5457,EagleRidge TH 1556
21648,Villas at Swan's Nest #701
6066,PP120
4793,TL405
21983,Trappeurs Ldg 1108
16675,52DOESDENACN
2552,Charter 4250
16815,53SMKYRDGSRN
4879,Montaneros 220
2630,Charter 5430
2306,1243-26257
2822,Montaneros 302
2501,Charter 30105
2844,Montaneros 420
21849,472BURROGRDNSFF
6776,BB210
2256,1243-46340
16655,52CFFOUNTAINN
16889,54CFSHOOTSTARN
20447,BlueSky 608
14554,Main Stn 2307
5452,EagleRidge TH 1514
16436,463GAREYSRTGN
11617,Aspen Ldg 4306
2725,Lion Sq NORTH 196
16634,52AFRAMEMCVN
18924,Woodrun 07
21861,472PINONSANSFN
2478,Charter 2240
4801,VA117
20534,E1410
5849,Trailhead Ldg 4107
21866,472VSTCOLORSFM
5263,1520-102819
21490,LC202
14297,1243-130469
21887,474LUCESCUIDSFN
17884,Los Pinos A21
5963,Timber Run 205
2434,Borders Upper 403
14211,1243-124168
14259,Cortina 3
11612,1243-113683
2489,Charter 2420
6804,EN09-2bdrm
2835,Montaneros 404
14320,Antlers 126
4371,1104
5306,Canyon Creek A206
6783,C1202
4642,GOST10
2505,Charter 3025
14062,1243-119378
16481,464UPCANLDGRJUN
2297,1243-51496
21276,Wellington #3
15362,BV 1934 1x1
15175,TM224
5223,1520-50617
4763,RA03
2466,Charter 2120
11538,1520-108287
20946,54CLOSER2HOMEBBFN
16718,52SMRIVRELAXGCN
21824,Phoenix 123
20696,Phoenix 219
2828,Montaneros 312
19215,Creekside B
21710,G517
5281,1520-102645
11757,1243-114934
5188,1520-69157
14708,RML RW218
2421,Borders Lower 405
21965,Timber Run 219
2081,MC3
14672,RML RE221
20462,1269SR
5695,Ski Inn 211
20629,SUN8
2504,Charter 30205
14105,MtnHsE
16684,52GRTOUTGFN
2815,Montaneros 211
2696,Lion Sq EAST 103
16871,54CFECHOTAN
15337,BV 1622 1x1
11614,1243-114220
16490,467BLUELAKERCPN
16678,52DRMWVRLHN
11584,Moose Meadow Retreat
20498,BB308B
15395,HC1508 2x1
2740,Lion Sq NORTH 394
17914,Val DIsere 315
14414,DerStrmrk 205
16780,53NEVERENSPN
15271,BV 0333 1x1
17027,58WATEREDSPN
5068,BCF101
2775,Lion Sq SOUTH 456
21914,Trailhead Ldg 3104
21966,Ski and Racquet B102
4650,KAY16
14321,1243-133068
16670,52CFUNFIRGETN
4565,BCL105
5916,1554-95781
2797,Lion Sq SOUTH 562
4875,Charter 52305
5396,Dulany 305
16845,53TRIPLEMRFN
4754,OM24
2752,Lion Sq SOUTH 174
20576,P305B
21847,472BISHOPLDGSFN
18888,Chamonix 27
13602,GoldDustA4
16697,52PINCONDOBBLN
4762,RA02
21805,1520-50661
14281,1520-122074
4859,Royal Tiger Lodge
14449,Junction 21
21985,Trappeurs Ldg 1209
21835,471CASDONMANSFN
2839,Montaneros 412
2305,1243-26268
15149,Main Stn 2304
16483,465AWEVIEWAWKN
16724,52SOSWEETTN
3987,Torian Plaza 702
4861,BCL308A
5920,1554-54493
14232,Borders Lower 400
20558,L1044
6363,Timber Run 207
3478,Meadows Windsor 2
14379,Cimarron 208B
4645,GOST2
14442,Junction 09
5415,EagleRidge Ldg 205
6065,MC210
6864,TS303
2413,Borders Lower 308
5914,1554-54430
4806,VA308
2258,1243-75963
16440,463LOGHVNRRRN
2366,1498-52180
5218,1520-69159
20524,CB310
21781,1520-122074
16417,462WNTRFELLRRJN
18945,Woodrun 44
15445,MR4-5  2x1
3940,Torian Plaza 304
16390,462BEARCAVERVFN
20511,BH1
16453,463SLEEBEARCWN
5105,BCL110A
20585,PS16A
20605,RPK7
5943,Timber Run 108
2308,1243-63708
11843,1498-93357
4611,CasaAB
14406,DerStrmrk 108
16486,465CHRISTIRMDN
18941,Woodrun 37
16448,463RMBRALAMORDSN
16261,537DV
21093,1243-140222
20625,STRG1
2502,Charter 3015
5854,Trailhead Ldg 4113
5872,Trailhead Ldg 5122
2362,1243-26266
11807,VillT205
15416,HC615 1x1
15320,BV 0934 1x1
2522,Charter 3230
21991,Phoenix 129
21863,472SUSANHIDESFN
16823,53SMMISTHIDECBRN
14540,Main Stn 2201
15352,BV 1824 2x2
4656,LU6G
4580,BCL301B
16619,51SMMOMENT2HHN
5860,Trailhead Ldg 5105
21874,473CASSIDYSFF
2108,151 Mountain Kingdom Road
2127,Der Steiermark 211
21842,472ALMAOASISSFN
15335,BV 1621 1x1
16700,52ROAROMRFN
14678,RML RE225
21940,RML RW402
5077,BCF201S
14806,Tyra2 C334
14226,Atrium 207
2285,1498-76915
18372,Creekside 502 2x2
4867,Charter 3120
21825,br101b
4871,Charter 3160
21789,1520-50610
21659,Villas at Swan's Nest #701
16380,461ALPAIRRPLN
21685,Villas at Swan's Nest #701
14883,WaterHS 6309
17869,Blue Front B
16731,52WHISPERBBFN
20589,Q2443
14183,rg2028
16476,464MAINSTAYRPBN
6787,CH302
2676,Charter 7210
5839,Trailhead Ldg 3116
16649,52BUCKHNACN
21797,1520-50594
5329,Canyon Creek OA103
16309,PS131
6794,CH409
14768,Ski Hill 26
4575,BCL209
21071,HC909 1x1
20118,1243-137309
2769,Lion Sq SOUTH 377
5981,Timber Run 221
5728,Torian Creekside 515
5069,BCF101S
11609,1520-112933
4681,MI113
11527,1243-105963
2446,Charter 1230
21766,1520-50671
3975,Torian Plaza 603
2276,1243-33569
2612,Charter 5145
18886,Chamonix 20
4578,BCL213
15389,CV607 3x3
6771,2A417
21790,1520-50634
4766,RA103
16666,52CFRBEARADISEN
20636,T301C
2827,Montaneros 311
2701,Lion Sq EAST 113
18855,1243-136464
16710,52SMFOXDENCNN
21935,WC404
11603,2263
11761,HC20-21
14872,WaterHS 6206
4442,2204
11797,1243-116896
16482,465ALPLODGRVEN
16601,51HEAVESCSHN
14332,BlueSky 205
20496,BB305
16348,PS247-2
2200,1243-47732
17300,462ELKRUNRWRN
21192,51PEACEMTNGEMPCN
15448,MR9-4 1x1
5428,EagleRidge Ldg 308
21735,1520-50626
20489,BB208
20572,OL5
16452,463SIERSUNRAJN
16310,PS133
14368,BlueSky 604 S
17874,Cimarron 402
2743,Lion Sq SOUTH 156
2309,1243-26283
2810,Montaneros 202
14097,CL40
2576,Charter 44205
14350,BlueSky 503
4604,BLM40C
2661,Charter 7055
5235,1520-50636
6862,TS238
16353,RC165
18917,Owl Creek 04
16721,52SMSLVFOX2BRN
4485,2228
21957,1498-145046
15404,HC2003 2x1
16282,G307
16443,463MTNVIEWAMWN
14644,RML E219F
16729,52TWINVWDCN
15419,HVAlpine 4 2x1
20467,2410A
16707,52SMCHALETDRSFN
21663,Villas at Swan's Nest #701
5443,EagleRidge TH 1461
5774,West 3507
16342,PS241
14410,DerStrmrk 117
21780,1520-50651
14510,Main Stn 1311
16352,QE2447
4815,WP542
4662,MBB03
16922,54SMDAYDRMRHHN
20986,Tyra1 A2C
4897,MC301
17906,Riverbend 120
21632,Villas at Swan's Nest #701
5805,THB06
5875,1554-94121
2428,Borders Upper 202
16387,462ASPRUN2BARCN
5200,1520-50654
5201,1520-50560
2690,Charter L032
4632,DD17
21712,1498-106440
17998,Phoenix 222
18371,BV Q Hotel 2022
18955,Woodrun 57
4852,BCL109A
20972,53BEARWYTHEAV2N
21016,55SMSMMTNDREAMLON
5403,Dulany 505
2206,1243-67533
2401,Borders Lower 205
21932,TS242
2499,Charter 3004
21941,1243-142421
14304,2226
18939,Woodrun 35
14167,1243-120248
6015,Timber Run 416
14858,WaterHS 5405
5901,1554-54502
3610,Snow Flower 306
3892,Torian Creekside 413
15263,BV 0221 1x1
2697,Lion Sq EAST 105
17899,Placer Ridge 514
3035,Clock Tower Shadows
14168,1243-121109
15142,1243-134064
16600,51HATCHMTNWVN
21908,1520-122077
5292,Antlers 122
2388,SW46
2753,Lion Sq SOUTH 176
5230,1520-51989
2438,Charter 1130
16746,53CFANGELVIEWN
20610,SB106
5098,1243-96133
20537,ED203
5951,Timber Run 114A
2903,Bronze Tree 405
18365,BV 1812 2x2
15287,BV 0534 2x2
21889,474SUNSANGRESFF
18795,BC563
20484,BB152
15324,BV 1113 1x1
16784,53ONSMOKYBBFN
16624,51STARSTR321N
5191,1520-50679
14808,Tyra2 C335
14108,PLUNA
5851,Trailhead Ldg 4109
2768,Lion Sq SOUTH 376
21749,1520-50619
2800,Lion Sq SOUTH 568
5382,Christie Club 326
5199,1520-50628
17908,Saddlewood B71
2497,Charter 30015
4910,TC303
5890,1554-54495
14781,Trafalgar 40
16400,462FOXHOLL02FXN
16388,462ASPRUN3BARCN
14438,Junction 04
2097,RC747
16921,54SMCELEBLOGHHN
14689,RML RE314
2341,1243-21367
4543,2262
6055,1554-54414
20503,BB353
16386,462ANTXINGREHN
4462,2216
2414,Borders Lower 309
15153,Saddlewood I33
16411,462RISHILLRRSN
15366,BV 2023 2x2
15143,Cimarron 300
2728,Lion Sq NORTH 284
3467,Meadows Hanover 2
4811,VillT211
20590,Q2455
13685,1498-119445
16696,52PAULSPACVN
16327,PS221
5341,Canyon Creek OB206
14800,Tyra1 B3D
21727,1520-50631
4742,MI413
2595,Charter 5030
2731,Lion Sq NORTH 292
14668,RML RE217
4415,1154
16716,52SMMTNSPLASHAVN
5894,1554-54310
16833,53SMROCKYRETBBRN
5114,BCL209A
17887,Los Pinos B24
15266,BV 0224 2x2
5129,SUN202
16457,463TISHOLIRLTN
2249,1243-28041
14083,BCL108B
4574,BCL208
21676,461ELKRUNCRWRN
5455,EagleRidge TH 1552
16334,PS232
19849,1498-136335
4492,2235
5135,BCL412
15363,BV 1934 2x2
4853,BCL109B
2348,1243-79881
16567,51BEYONDBBFN
2132,Lances west 6
3950,Torian Plaza 401
14325,Antlers A23
2405,Borders Lower 209
14282,1520-122076
6069,TC103
4918,THB09
5848,Trailhead Ldg 4106
15383,BV Q hotel 0934
2776,Lion Sq SOUTH 458
11605,MI210
15257,AV16 2x2
3896,Torian Creekside 415
16351,QE2425
5946,Timber Run 110A
18951,Woodrun 52
16831,53SMPEYTONBPLN
15396,HC1515 2x1
5882,1554-54313
6828,TS136
15400,HC1907 2x2
2237,1243-21364
20580,POR10
16583,51CFRUSCHARMN
14201,1520-123290
3955,Torian Plaza 406
4597,BCL410A
4408,1150
14735,RML W214B
11150,Bunker Hill Lode #1
18910,Enclave 305
14688,RML RE311
15259,BV 0124 2x2
16437,463HOMERSRRHN
4704,MI216
15373,BV 2T hotel 0721
6040,1554-54413
16864,54CFABVCLDSIIN
21636,Villas at Swan's Nest #701
2350,1243-21369
21726,1520-50628
15444,MR3-7 2x2
5421,EagleRidge Ldg 301
16268,EW115
5765,West 3421
15407,HC2121 3x2
18940,Woodrun 36
16487,465HOLLYHVNAWSN
6064,CS301
16563,51BEARCROSSPCN
20587,PV2206
16299,PRC11
8828,Trailhead Ldg 4118
21653,Villas at Swan's Nest #701
4526,2255
14496,Main Stn 1301
6018,Timber Run 418
5138,SS07
21767,1520-50593
14344,BlueSky 409
16951,55CF19THHOLEN
3466,Meadows Medallion 2
4612,CasaB
21907,58HICKORYLDGWVN
15429,Lindig Lodge
4451,2214
2472,Charter 2145
21754,1520-50688
4570,BCL203
2719,Lion Sq NORTH 180
14486,Main Stn 1210
2231,1243-70631
16602,51IRISHBLESSSPN
14882,WaterHS 6305
4420,1158
16835,53SMSEREPEAKCBRN
20561,LF103
2469,Charter 2135
2450,Charter 1255
2084,MK6
2609,Charter 5135
18932,Woodrun 20
3590,Snow Flower 204
15139,Casa De Alta
5389,Dulany 201
17784,RML RE202
16472,464HARPERRDHN
16446,463RETTIGRDRN
11771,HC30
21870,473BISHOPVKSFN
5298,Antlers 222
4382,1112
4903,SH502
18947,Woodrun 47
2496,Charter 3001
14312,1498-130281
6013,Timber Run 414
5832,Trailhead Ldg 3109
20628,SUN6
4428,1166
21782,1520-122076
11578,2243
16447,463RIVERRUNRLJN
2553,Charter 42505
5210,1520-54582
4921,TM318
21209,51BEARADISEACN
16491,467BUFFALORSGN
16981,55PAPABERPVN
21944,1243-141987
2786,Lion Sq SOUTH 472
17919,Village at Breck 3402
16883,54CFPOOLSUMN
5865,Trailhead Ldg 5112
21867,472WESTCOWSFN
17916,Village at Breck 2301
5997,Timber Run 314A
2346,1243-47780
4499,2241
19272,Red Feather 33
2801,Lion Sq SOUTH 570
21912,Main Stn 1410
16869,54CFBUCKWILDN
4799,TMA
5807,Trailhead Ldg 2102
2430,Borders Upper 207
4622,CL07
2711,Lion Sq EAST 310
2283,1498-52174
2456,Charter 1350
11786,HC42
2330,1243-35620
2459,Charter 1420
16614,51SIMPLEPACN
5950,Timber Run 114
2319,1243-42823
4507,2247
14544,Main Stn 2203
15293,BV 0621 2x2
5948,Timber Run 113
20553,HC27A
14464,Los Pinos B12
2756,Lion Sq SOUTH 270
5793,1243-103016
2834,Montaneros 402
21869,473BISHOPLDGSFN
3971,Torian Plaza 507
4617,CHAMI
2407,Borders Lower 211
21650,Villas at Swan's Nest #701
17886,Los Pinos B23
4895,CS204
5940,Timber Run 105A
4839,185 S Fuller Placer
3998,Torian Plaza 803
21951,Borders Lower 310
4387,1117
5127,BCL111B
14347,BlueSky 413
14590,One Breck 13
20460,1265SR
5461,First Tracks 3202
14202,1243-123593
16370,TPB303
14556,Main Stn 2403
14498,Main Stn 1302
15440,MR18-11 2x2
5394,Dulany 302
5930,1554-54449
19848,1498-136347
21848,472BISHOPVIEWSFF
21518,57BEARHLLWLDGESMN
14237,Charter 62105
5899,1554-54252
16480,464TRAYNERJVN
2236,1243-49356
18901,Enclave 201
18949,Woodrun 50
2530,Charter 33405
2761,Lion Sq SOUTH 366
2217,1243-26274
2720,Lion Sq NORTH 182
5074,BCF104
18927,Woodrun 13
5282,1520-102776
13052,1243-118792
2901,Bronze Tree 403
21936,WC505
4674,MI104
14285,1520-122077
11801,1243-117232
21628,52GODSVIEWCVN
14396,Cucumber 19
2971,Cascades Stuart 3
4629,DC4
20926,Antlers at Lakota 406 3x2.5
8837,Lodge B106
2703,Lion Sq EAST 117
2313,1498-52201
4819,1243-94164
3036,CrossTimbers 2685
4760,PAL4E
4925,Tyra Riverbend 117
18929,Woodrun 17
2246,1243-26261
16330,PS223-2
21020,SS101 3.5x3
16683,52GROOVYGCVN
14298,Waterstone 36
3474,Meadows Sheffield 3
5096,1243-96686
4703,MI215
18891,Chamonix 34
21693,Villas at Swan's Nest #701
5975,Timber Run 215A
14430,Gateway 5055
5919,1554-100875
2589,Charter 5010
14783,Twin Elk A1
15360,BV 1923 2x2
5816,Trailhead Ldg 2114
16691,52MAKMEMBCN
2255,1243-41358
4582,BCL304
5449,EagleRidge TH 1509
2759,Lion Sq SOUTH 358
21677,Villas at Swan's Nest #701
21296,463NAYMTNADNN
18905,Enclave 210
11574,Lion Sq EAST 217
14452,Junction 24
8650,1243-21394
16825,53SMMTNSERESHN
4711,MI301
16630,51WILDHEARTWVN
4845,1243-94566
20967,54EMILYSHIDEMCN
2518,Charter 3215
21201,Charter 1250
3458,Meadows Clarion 2
2830,Montaneros 317
18399,1554-136756
14345,BlueSky 410
2212,1243-49775
5115,BCL209AB
4744,MI415
16983,55SMDESTNYHVLON
20479,BB101
2527,Charter 33305
15434,MR10-2 2x1
16383,461PINECONERBKN
16421,463AIRNUEVABCN
4469,2220
6799,CMNJ5
11590,MP304
4621,CL06
14766,SilvMill 8309
5288,Antlers 112
5732,Waterford 04
20941,52ABSOMAGISFN
2224,1243-26277
20604,RPH3
14235,1243-124836
3894,Torian Creekside 414
5450,EagleRidge TH 1510
15511,First Tracks 3103
11488,GR116
15414,HC516 1x1
16414,462TWOSPRTRDCN
17876,Der Steiermark 114
2902,Bronze Tree 404
21974,Charter 3125
16584,51CFSAFARIROMN
20618,SCL207
4525,2259
4850,Borders Upper 406
5198,1520-50607
2792,Lion Sq SOUTH 552
20354,1498-136879
2451,Charter 1260
5464,First Tracks 4205
16642,52BEARCYACN
17873,Cimarron 103
11490,TL416
21954,52GRNDVIEWCSGN
16618,51SMMISTYBLMN
16597,51EVERAFTERMSN
4803,VA209
14208,Elk Run 07
6025,1554-54468
2826,Montaneros 310
21649,Villas at Swan's Nest #701
3476,Meadows Sheffield 4
2320,1243-47881
2565,Charter 4350
17867,Beaver Run 4709
5868,Trailhead Ldg 5115
5866,Trailhead Ldg 5113
4673,MI103
5232,1520-50661
20495,BB303
6070,TX411
4618,CI50
16829,53SMOMTNBLISBTN
6004,Timber Run 404
4595,BCL409
21822,EagleRidge TH 1477
18948,Woodrun 48
11610,1243-112551
2477,Charter 2235
20463,1274PA
14366,BlueSky 604 N
21860,472MOSTARSFF
5174,1520-50625
17895,One Ski Hill Place 8218
4873,Charter 4285
21657,Villas at Swan's Nest #701
18893,Chamonix 40
16375,TW2B
2349,1243-41376
16408,462NEELEYAJNN
21635,Villas at Swan's Nest #701
14392,Cimarron 305
4576,BCL211
15148,Main Stn 1206
4890,CJ305
14239,Crystal 22
21984,Trappeurs Ldg 1207
2596,Charter 50305
20613,SCL101
5974,Timber Run 215
17912,Trails End 408
21072,Timbers 6-1 3x2
21193,GCD83
2646,Charter 6315
6813,ME404
2215,1498-52199
17921,Village at Breck 4215
4844,1243-93969
5789,Yampa View 306
2607,Charter 5130
16372,TPC106
15460,Telemark582 4x3
2403,Borders Lower 207
16612,51ROOSTER321N
2787,Lion Sq SOUTH 473
2843,Montaneros 418
11777,HC34
9875,Emerald Ldg 5202
21925,BT510
2269,1243-47787
3957,Torian Plaza 407
5202,1520-50604
4483,2224
15387,CV510 2x2
2344,1243-68009
4817,WP558
4654,LU5C
16935,54SMOKYBRBBFN
14296,1498-130140
21641,Villas at Swan's Nest #701
21570,Woodrun 04
5103,BCL105A
17883,Los Pinos A11
11576,2227
5991,Timber Run 310A
11792,Timber Run 309
4832,PCI-1
6038,1554-54404
20958,Trailhead Ldg 2115
2579,Charter 4440
16274,EW308
14453,Junction 26
2194,1243-67279
16325,PS216-2
14654,RML RE103
4715,MI305
4888,CJ301
2222,1498-52172
21643,Villas at Swan's Nest #701
14564,Main Stn 3305
20957,Stonewood 1085
4518,2253
16672,52CHIPMNKACN
4777,RW04
20961,HC1805 3x2
21926,CH311
14424,ElkRidge 436
4878,Lion Sq NORTH 294
2352,1243-21395
14502,Main Stn 1306
16699,52RIVERSORSN
14918,WhiteCld 578
14731,RML W213F
15268,BV 0312 1x1
5102,Cortina 1
15158,WaterHS 6105
14691,RML RE315
15146,Junction 13
20481,BB105
5080,BCF204
6007,Timber Run 406A
14335,BlueSky 304
21873,473CASKEARNSFN
17881,Longbranch 108
16337,PS233
5402,Dulany 503
5113,BCL208B
21674,Villas at Swan's Nest #701
18816,Boulder Ridge
20508,BC401
16354,RC60
20620,SETT9C
21661,Villas at Swan's Nest #701
16777,53KOMFYKOBBFN
16262,817PW
16803,53SMBBHIDEAWAYDCN
2664,Charter 7115
2741,Lion Sq NORTH 396
16466,464CDRCRKRMKN
6009,Timber Run 409
21577,1243-112889
2582,Charter 4460
16588,51CFSUGCHACKN
5146,1520-96725
5806,Trailhead Ldg 2101
5262,1520-102817
21575,BB306
20506,BB408B
2072,CR20
3965,Torian Plaza 504
18954,Woodrun 56
2467,Charter 2130
2115,531 Settlers
4885,CJ203
17893,Main Street Junction 7
4646,GOST3
21647,Villas at Swan's Nest #701
15420,HVColumbine 3 1x1
5238,1520-97091
4900,SB107
5989,Timber Run 308
14238,Charter 6215
2820,Montaneros 218
16306,PS123
16673,52COZYGETSHN
6005,Timber Run 404A
14721,RML RW312
4606,BLM41C
14349,BlueSky 502
16996,55UNBRIDLEDPVN
17864,Beaver Run 4509
5225,1520-50634
5156,1520-50660
2506,Charter 3030
4808,VA319
11491,TX412
2254,1243-70201
16977,55MAJESTPBBFN
16608,51NAUGHTYLHN
14733,RML W213K
21762,1520-110995
16422,463ALPOASISRVYN
2567,Charter 4355
16316,PS211
16692,52MOUNTELBBFN
5782,Yampa View 106
4378,1109
14085,1243-120412
6046,1554-54427
2290,1498-52205
2670,Charter 7135
20164,Timber Run 216
6033,1554-54424
6817,RED37
16733,52WOODSHDCNN
2281,1498-67916
21971,Charter 7215
5226,1520-50583
5416,EagleRidge Ldg 206
21732,1520-102819
2689,Charter L022
16358,SC117
5086,BCF401
5726,Torian Creekside 113
2562,Charter 4315
16456,463SOCOMFRBGN
2600,Charter 5045
2660,Charter 70505
17922,Village at Breck 4227
20595,R5065
19998,HC1801 3x2
16971,55GATGETBBFN
14908,WhiteCld 473
14524,Main Stn 1408
11826,1498-93362
5941,Timber Run 106
3125,Evergreens 03
16610,51PEACEMIBBFN
16720,52SMSECRETROMRTN
5845,Trailhead Ldg 4103
5390,Dulany 203
16357,SC114
16635,52ALONELTRFN
20579,PD192
14824,Village 1024
15340,BV 1633 2x2
4737,MI408
5880,1554-54304
20959,61 Jabberwocky
16887,54CFSCENVISTAN
16604,51LITBEARHIDACN
4401,1132
14374,Breck View Home
16407,462MAMABEARRCAN
4602,BLM40A
2371,1498-52181
18171,Phoenix 130
17918,Village at Breck 3306
21703,Villas at Swan's Nest #701
14348,BlueSky 501
3904,Torian Creekside 512
4670,MBB11
16817,53SMLOOKRIDLRN
20944,53MTNVIEWESCAPESVN
21758,1520-50656
11829,1498-106712
21792,1520-50607
2195,1243-77041
5272,1520-102767
16259,3165T
14163,1520-121969
20963,BB103
5937,Timber Run 103
17911,Trails End 311
4901,SB304
14354,BlueSky 507
21784,1520-122079
14861,WaterHS 6108
15275,BV 0424 1x1
21671,Villas at Swan's Nest #701
4701,MI213
11151,Eagle Ridge Townhome #2
3616,Snow Flower 311
16397,462DBLSHOTARJN
15318,BV 0931 1x1
14712,RML RW226
21979,Charter 7315
20547,GH6
20643,VIN17
16669,52CFTIME4TWON
4613,CasaC
20512,BHV5482
15349,BV 1823 1x1
2303,1243-21453
2908,Bronze Tree 503
16257,1052EMP
5857,Trailhead Ldg 4117
20486,BB204
5996,Timber Run 314
2809,Lion Sq TOWER T401
21818,464CASALEGRERATMN
21164,Junction 28
2507,Charter 30305
14175,bv402aa
16332,PS228
2617,Charter 5210
11580,1243-108737
21660,Villas at Swan's Nest #701
2591,Charter 5015
2287,1498-52178
14084,BCL110B
16615,51SMBESCAPHSRN
2510,Charter 30405
5821,Trailhead Ldg 2122
21871,473CAMICHACOSFN
2746,Lion Sq SOUTH 162
4831,Meadows Cambridge 4
14271,1498-101239
6827,TS133
14572,Main Stn 3401
15469,WatersideE104 2x2
5406,EagleRidge Ldg 104
4886,CJ204
2091,MW103
18913,Enclave 308
21576,RBS3724
16609,51PAXTONBBFN
16651,52CFANOTHDAYN
11832,1498-93354
5279,1520-102774
2221,1498-52203
2584,Charter 44705
2558,Charter 4280
4798,TL535
5172,1520-50673
2323,1243-58388
14608,ParkPlace C201
4835,BCL405
17064,53BBOVERLKBBRN
2370,1243-47785
2498,Charter 3003
14695,RML RW101
21938,BlueSky 518
2090,MTM1
4407,1149
15306,BV 0724 2x2
14190,1498-52198
21832,473COWRTRTSFN
2635,Charter 6220
6042,1554-54388
16738,53AWAYFRMRFN
14322,349 American
14724,RML RW406
21652,Villas at Swan's Nest #701
4594,BCL408
2365,1498-52200
5834,Trailhead Ldg 3111
16771,53GV104DTN
5858,Trailhead Ldg 5103
14876,WaterHS 6208
2316,1243-32115
5274,1520-102600
5883,1554-56686
4424,1163
14272,1243-127396
2840,Montaneros 414
5250,1520-50635
5904,1554-95784
21961,53CRESCENTHIDGN
14329,BlueSky 201
5423,EagleRidge Ldg 303
14560,Main Stn 2405
21744,1520-50586
14880,WaterHS 6304
14370,BlueSky 606 N
4421,1160
18923,Woodrun 03
2524,Charter 3235
5154,1520-54166
14674,RML RE222
21751,1520-50654
11808,1243-117233
21713,1243-107302
11577,2229
2074,GCC68
15455,Snowshoe House
3886,Torian Creekside 312
5256,Bronze Tree 507
5183,1520-50643
3898,Torian Creekside 417
21989,NMG
18957,Woodrun 61
16469,464DODSONRLDN
5897,1554-54478
2273,1243-64155
16762,53CHASINABBFN
14592,Oro Grande 216
2263,1243-26173
2314,1498-52217
5999,Timber Run 316A
21738,1520-102645
4449,2209
15339,BV 1633 1x1
2587,Charter 44805
16569,51BREATHTBBFN
16368,TPB203
5215,1520-50601
4504,2245
21882,473SUNHILLSSFF
4697,MI207
21952,BB431
20570,MLF
2439,Charter 1140
20505,BB408A
2657,Charter 6445
19566,Oro Grande 308
14834,WaterHS 5110
20528,D1762
14584,Main Stn 3407
16667,52CFSOARARROWN
16715,52SMMTNPARADTCN
20938,463FORTGETRBRN
5212,1520-50675
5886,1554-56750
6012,Timber Run 411
15402,HC1911 3x2
2634,Charter 6140
21987,Los Pinos E13
4649,KAY10
14458,Junction 32
4417,1157
2412,Borders Lower 306
5898,1554-54350
2825,Montaneros 308
4707,MI219
15421,HVColumbine 7 2x1
12407,1243-103976
6022,Timber Run 420A
5729,Torian Creekside 712
5859,Trailhead Ldg 5104
4752,Mintz
2437,Charter 1120
5257,Creekside C
2673,Charter 7160
5445,EagleRidge TH 1494
15270,BV 0322 2x2
11573,Borders Lower 406A
16749,53CFELKCROSSN
16603,51LILYPAD321N
14191,1243-120900
15265,BV 0224 1x1
21865,472VIDABUENASFN
14786,Tyra1 A1B
14508,Main Stn 1310
20632,T104C
4675,MI105
20638,TW12C
18393,1243-136720
16677,52DRMCATCNN
17923,Village at Breck 4504
2490,Charter 2430
6028,1554-54392
16791,53PEACENQBBFN
16811,53SMCZYBEAR2SHN
5995,Timber Run 313A
2257,1243-21368
20533,E1260
18897,Enclave 102
14176,dp597
16743,53BEARFTHACN
3925,Torian Creekside 612
2739,Lion Sq NORTH 392
5242,1520-50619
5208,1520-101887
16272,EW204A
2432,Borders Upper 304
14566,Main Stn 3306
14078,1554-120766
14785,Twin Elk C12
2574,Charter 4415
5956,Timber Run 117
21554,WatersideC209 3x2
6014,Timber Run 414A
15313,BV 0834 4x3
2104,WM302
2643,Charter 6260
2561,Charter 43105
17025,Mountain Meadow
11772,HC30-31
14522,Main Stn 1407
21808,1520-50636
20607,S2020
21963,465HIGHLOOPRRN
21319,56SMSIMELEHSRN
5243,1520-50585
16566,51BEARWYTLHN
4583,BCL305
17875,Cimarron 404
20487,BB205
15300,BV 0712 2x2
20160,EagleRidge TH 1467
11750,Borders Lower 506
16987,55SMHSTANDINGHHN
21992,Timber Run 214
5819,Trailhead Ldg 2119
2671,Charter 7140
3912,Torian Creekside 516
20563,MCP21
21859,472LOSNIDOSSFM
6053,1554-54415
21915,Trappeur's Ldg 1108
4795,TL512
2328,1243-91871
21716,1243-33867
16392,462BREATHERBTN
4555,2269
14210,SJ226
3453,Meadows Cambridge 1
4810,VillT209Plus
2691,Charter L222
2655,Charter 6440
5227,1520-50600
5399,Dulany 404
16438,463LINDLEYRTLN
17892,Main Street Junction 30
20601,RPB1
2471,Charter 21405
5237,1520-50593
6812,ME403
15428,Leland Creek Home 5x4.5
5424,EagleRidge Ldg 304
20540,F1676
16304,PS121
16339,PS236
15144,Highlander 302
2523,Charter 32305
2747,Lion Sq SOUTH 164
14614,Red Hawk 2235
20546,G2413
2516,Charter 3210
11615,1243-114236
14746,RML W313C
4876,Charter 5235
14094,BCL307
5852,Trailhead Ldg 4111
5675,Ptarmigan House 23
15307,BV 0811 1x1
2410,Borders Lower 304
2274,1243-21445
6035,1554-54394
4416,1155
21644,Villas at Swan's Nest #701
15145,Hope House
14851,WaterHS 5308
20640,TW6B
2616,Charter 5160
15430,Lodgepole Home 3x4
11798,1243-116114
4554,2268
2841,Montaneros 416
6875,WE07
4384,1114
4743,MI414
16359,SC314
5808,Trailhead Ldg 2103
18374,MR30-05 3x3
5928,1554-54434
5194,1520-94980
16270,EW115B
17930,White Cloud Dr 30
20477,B1101
15370,BV 2032 2x2
5893,1554-54318
20951,Phoenix 116
11766,HC24
18931,Woodrun 19
21942,1243-141981
16378,TW3A
14412,DerStrmrk 201
4765,RA102
21927,ME505
2590,Charter 50105
2767,Lion Sq SOUTH 374
14504,Main Stn 1307
21800,1520-50573
21883,473TESDORADSFN
2279,1243-76578
16326,PS218
16260,401PARK
2282,1498-52204
21857,472FOLKARTSFF
16900,54EAGLESPBBFN
16283,G308
21911,PP303B
14797,Tyra1 B2D
14634,RML E119B
14324,Antlers A11
2745,Lion Sq SOUTH 160
21675,Villas at Swan's Nest #701
16645,52BETWEENACN
20494,BB302Combo
5204,1520-50562
5395,Dulany 303
21937,RC122
16301,PS111
2529,Charter 3340
16338,PS235
14096,CL29
5739,Waterstone 46
2575,Charter 4420
2491,Charter 24305
14073,1520-119744
2131,Lake Forest 303 E
2662,Charter 7110
2419,Borders Lower 403
5433,EagleRidge TH 1410
4381,1111
15330,BV 1133 2x2
20593,R5037
2210,1243-72161
16919,54SMBURLYBRWVN
20630,T102C
4568,BCL110
2846,Montaneros 422
2791,Lion Sq SOUTH 550
4713,MI303
2674,Charter 71605
16269,EW115A
15302,BV 0721 2x2
3134,Ironwood 06
20634,T201A
2268,1243-41368
2512,Charter 3130
21779,1520-50680
2480,Charter 2245
2243,1243-25519
16713,52SMMOONVIEWGFN
11773,HC31
5791,LOR18
16680,52FIRESIDBBFN
2681,Charter 7315
2229,1498-53649
14244,1554-54661
5692,Ski Inn 134
12768,1498-118956
14352,BlueSky 505
14388,Cimarron 229
11779,HC35-36
5116,BCL212A
4625,CL27
2693,Charter L331
20606,RPZ5
16660,52CFMTNSEDUCN
5918,1554-103834
20557,ITT22
15336,BV 1621 2x2
11767,HC25
21862,472PUERTASSFN
14829,WaterHS 5105
11841,1498-93356
5942,Timber Run 107
14099,ETT103
15392,HC1013 3x1
2219,1498-69044
4665,MBB06
4369,1103
16395,462CNTRVIERLMN
15314,BV 0922 1x1
4774,RD03
17885,Los Pinos B13
2784,Lion Sq SOUTH 469
17907,Saddlewood B48
16429,463BUENVIDRMCN
14314,1126
16420,463AINTNORDTN
14292,1243-130228
2694,Charter L332
2517,Charter 32105
2667,Charter 7125
17871,Chimney Ridge 504
11535,1554-57700
3612,Snow Flower 307
14358,BlueSky 513
21708,G179
14775,Springs 8875
2539,Charter 41205
5994,Timber Run 313
15351,BV 1824 1x1
14473,Main Stn 1203
2845,Montaneros 421
2440,Charter 1150
3840,Timberline Ldg 2203
2488,Charter 2410
16627,51TWILIGHACN
4725,MI315
4733,MI404
5321,Canyon Creek B206
3131,Ironwood 03
2356,1243-26265
4922,VS355
17997,Phoenix 111
16703,52SADDLEBBFN
3470,Meadows Penthouse A
16396,462CWBYCBNRGWN
14323,955 4 Oclock
14074,1554-118719
4640,ETT113
16653,52CFDESIREFULN
19649,1243-136707
2288,1498-52163
5104,BCL108A
5453,EagleRidge TH 1534
15333,BV 1612 1x1
4433,1169
21760,1520-50580
5784,Yampa View 203
14376,ChimneyRdg 502
14301,1153
21969,MI412
16881,54CFMTNMEDN
21702,Villas at Swan's Nest #701
4785,TL311
11776,HC33-34
2148,Sundowner II 224
5411,EagleRidge Ldg 109
14215,1554-123671
14863,WaterHS 6109
21750,1520-94980
14196,1243-121914
15151,Oro Grande 400
15384,BV Q hotel 1123
16485,465CASAMCCRMTN
3914,Torian Creekside 517
14484,Main Stn 1209
21210,52ATENNTREASURESHN
2118,753 Range
5887,1554-54282
16582,51CFROMVIEWSN
5913,1554-54399
16772,53GV505DTN
20565,MCP23
21774,1520-50627
21715,1243-33867
4571,BCL205
21596,51SERENEGETCVN
19708,HC403 1x1
21639,Villas at Swan's Nest #701
17880,Lakecrest Drive 5
21876,473EASTCOMPSFN
2473,Charter 2210
14520,Main Stn 1405
2571,Charter 4375
4705,MI217
2442,Charter 1155
4702,MI214
18900,Enclave 112
2551,Charter 4230
16488,465RVRBENDRDPN
2265,1243-62441
5888,1554-54280
4588,BCL310
16404,462FOXHOLL35FXN
21709,G319
4660,MBB01
2913,Bronze Tree 604
20624,SR18
2418,Borders Lower 402
6860,WE11
20492,BB301
20591,QEHOUSE
4738,MI409
21704,CMNL1
5815,Trailhead Ldg 2113
18937,Woodrun 33
3900,Torian Creekside 418
16761,53CFWILDTHTRIIN
3468,Meadows Normandy 4
5157,1520-50685
4902,SH204
10947,1554-104780
15401,HC1908 2x2
6870,WC301
20948,57BIGBEARRETREATAHN
4679,MI111
14480,Main Stn 1207
4690,MI122
4708,MI220
2619,Charter 5215
4778,SmugB
14574,Main Stn 3402
5418,EagleRidge Ldg 209
5264,1243-102680
16406,462LALUZRLZN
20968,BV 1712 1x1
17306,1243-135523
14761,SilvMill 8171
2387,PCF
4893,CJ405
2645,Charter 63105
14650,RML E226B
14532,Main Stn 1501
2259,1243-26500
14620,Riverbend 118
17015,58PINETREEHHN
4805,VA216
20583,PRC3
14090,BCL209B
16643,52BEARDENRFN
21773,1520-50649
16381,461ALPCABINRJRN
16685,52HICHALETSMN
2227,1498-76300
14095,CL13
4745,MI416
16807,53SMBRPAUSE2CVN
18920,Owl Creek 16
3889,Torian Creekside 311
16640,52ARTMTNBBFN
16363,ST418
5088,BCF402
18918,Owl Creek 05
3980,Torian Plaza 604
16757,53CFMTNPERCHN
2722,Lion Sq NORTH 186
4598,BCL411
21796,1520-61273
3604,Snow Flower 302
21017,56SMALLABTHVIEWWPN
14904,WestridgLodge
5100,1243-98077
3952,Torian Plaza 402
14836,WaterHS 5204
17878,Elk Ridge 416
21879,473HARMONYSFN
17865,Beaver Run 4705
2599,Charter 50405
16335,PS232-1
17917,Village at Breck 2603
20623,SN304
19340,58HIDSPRLDGHSRN
9380,BCL105B
21705,CMNL5
2811,Montaneros 204
16285,LB8
4603,BLM40B
2508,Charter 3035
21756,1520-100055
16722,52SMTRUELOVETPN
16347,PS247-1
4375,1106
2444,Charter 1210
2613,Charter 5150
4397,1128
16932,54SMMTNTOPVIEWSHN
5128,BCL112
16423,463ALTOCHALAWWN
11579,Borders Upper 401
21970,3K86
20575,P201A
5864,Trailhead Ldg 5111
5960,Timber Run 120A
20617,SCL206
20169,1243-137293
2700,Lion Sq EAST 111
4779,SmugF
14747,RML W330S
4868,Charter 31205
14700,RML RW203
2351,1243-62561
14071,1520-120394
20541,FOX3
14264,7696-116945
20942,53HIGHCOTTONCNN
20478,B1116
14203,Promontory
14666,RML RE211
20521,CB205
2615,Charter 5155
18899,Enclave 110
15264,BV 0221 2x2
16896,54CHANGESCNN
16344,PS244-1
6047,1554-54426
20612,SB209
14103,MI403
5939,Timber Run 105
15381,BV Q hotel 0333
5144,1520-94978
14295,1243-130098
21706,CMNL9
21920,1498-115304
2915,Bronze Tree 607
15294,BV 0623 1x1
17900,River Mt. Lodge E209
2216,1498-67652
21723,1520-122075
16465,464CASAWILDRCLN
16674,52DEWSOUTACN
20560,L952
16365,TL3A
5173,1520-68268
16778,53LAZYBRRFN
16799,53RIVERME321N
16462,464ALTOFAMAKMN
16858,54BEARSEYRFN
15315,BV 0922 2x2
16489,465SUNDANCRCMN
14187,tp205
21778,1520-120394
21002,463NATOUTRTAN
14303,2200
16571,51CFBBLUFFSN
2742,Lion Sq SOUTH 154
19271,Elk Ridge 400
5429,EagleRidge Ldg 310
2807,Lion Sq SOUTH 750
15417,HC703 1x1
5290,Antlers 115
16467,464CHESTNUTRPMN
21731,1520-102817
5221,1520-50594
15422,HVComo 6 2x2
16914,54SMAPPLEBRETN
2543,Charter 41805
2347,1243-46977
21765,1520-50673
16444,463PANTHERRSLN
16323,PS216
5430,EagleRidge Ldg 311
16695,52ONEAGLECNN
14343,BlueSky 408
20619,SD316C
18919,Owl Creek 15
21788,1520-50601
16308,PS130
21003,463THESUMMITRBCN
5296,Antlers 213
2583,Charter 4470
21795,1520-50620
17861,Beaver Run 4332
20544,FS4163
2750,Lion Sq SOUTH 170
16741,53BEARELGBBFN
5892,1554-96578
4458,2215
20578,PD165
16774,53HIGHPOIBBFN
11608,1554-108187
2805,Lion Sq SOUTH 652
21630,52MIRPONDAVN
5071,BCF102S
21816,1520-57686
2447,Charter 1240
20616,SCL204
16639,52ANNIESMACN
14353,BlueSky 506
14309,TX302
18892,Chamonix 37
14068,1243-119616
5456,EagleRidge TH 1554
4579,BCL301
20482,BB107
21791,1520-50657
2651,Charter 6335
14516,Main Stn 1401
4813,VS350
17859,Beaver Run 38380
16593,51COUNTRY321N
14288,BLM20B-long term
5727,Torian Creekside 318
2321,1243-47773
14170,Atrium 104
20955,Phoenix 119
2404,Borders Lower 208
20551,HC22A
16278,FC402
21640,Villas at Swan's Nest #701
4718,MI308
20989,S3055
2253,1243-47880
5251,1520-50573
4563,BA09
16460,463WHTMTNRTDN
21701,Villas at Swan's Nest #701
4567,BCL109
14372,BlueSky 606 S
16484,465BOGIERCHN
17001,56SMPARKLODGCRN
15343,BV 1724 2x2
2588,Charter 4485
2563,Charter 4330
10451,1243-106144
2550,Charter 4225
14290,1243-130094
14737,RML W218F
2751,Lion Sq SOUTH 172
20509,BC501
15408,HC2201 3x2
20526,CC2189
20645,WS336
5436,EagleRidge TH 1421
5896,1554-57080
16442,463MTNVALLRMNN
2900,Bronze Tree 402
19278,143 Park Forest
21018,56SMHEAVLYVIEWLON
20569,MCP33
2658,Charter 6455
20931,mp135
2631,Charter 54305
16687,52IDLEDAYBBFN
4393,1125
11559,LOR08
5879,1554-54251
16664,52CFPEACERTRTN
21679,Junction 19
21802,1520-50675
4721,MI311
21697,Villas at Swan's Nest #701
18894,Chamonix 41
11764,HC23
3597,Snow Flower 205
18060,1243-134628
5231,1520-50608
5953,Timber Run 115A
16379,WS11
11835,1498-97644
3456,Meadows Cambridge 2
14398,Cucumber 47
21593,Trappeur's Ldg 1209
16763,53CLOUDDACNN
5093,1243-96433
2278,1243-48352
14542,Main Stn 2202
3967,Torian Plaza 505
18944,Woodrun 43
16611,51ROMANSTARBTN
5097,1243-95643
21599,Snow Flower 101
21939,One Breck 6
2544,Charter 4185
16478,464SIERRALAKATCN
21812,1520-50585
4664,MBB05
2264,1243-27624
2198,1243-82175
17872,Chimney Ridge 517
10519,CL20
20581,POR3
2594,Charter 5025
11830,1498-115453
21837,471COWSONGSFN
4772,RC202
14404,Dbl Eagle B33
4833,PCI-3
14162,1520-121548
2727,Lion Sq NORTH 282
14109,PlunE
4724,MI314
17926,Village Point 104
16760,53CFSKYVILLAN
4848,Los Pinos D-24
14098,DD23
16295,LV2016
11593,Columbia House
21958,1243-140962
5182,1520-50580
5151,1520-50626
2397,Borders Lower 114
14331,BlueSky 204
16856,54BEARPASSHN
6073,WL379
14291,1243-130203
2513,Charter 31305
2465,Charter 2110
5180,1520-50621
2832,Montaneros 320
16374,TPC302
5448,EagleRidge TH 1507
2758,Lion Sq SOUTH 274
18930,Woodrun 18
5976,Timber Run 217
4872,Charter 4240
16688,52KNOTTYBBFN
20928,Timber Lake Townhome 341 3x3.5
15309,BV 0813 2x2
2106,114 Mark ct.
17929,Village Point 308
20538,EDF
16294,LS1629
2304,1243-36877
11753,Charter 7230
4915,THB03
2548,Charter 4220
6036,1554-57792
16607,51MAJVIEWLHN
16853,54APPLODGDCN
6032,1554-58786
5285,1520-102490
15470,WPLodge II E304 2x2
14192,1243-121707
5926,1554-54455
5413,EagleRidge Ldg 202
16730,52VIEWCATSRN
5084,BCF210
2458,Charter 1355
4769,RB204
4639,ETT111
21099,52WILLOWCREEKWVN
17006,57SMBSKYLODG2GPN
5947,Timber Run 112
20548,GH7
14327,Atrium 002
20984,BlueSky 514-A
16740,53BEARCORBBFN
20531,DV269
21598,Villas at Swan's Nest #701
16580,51CFMUSTDREAMN
16907,54MOUNTMACN
14586,MillCreek 203
16717,52SMMTNVISTABBLN
15338,BV 1622 2x2
4672,MI101
20539,F1550
2967,Cascades Baker 2
5979,Timber Run 220
18952,Woodrun 53
14184,sl4812
20475,AL303A
2777,Lion Sq SOUTH 460
14316,1498-132184
5383,Christie Club 336
16769,53GOODTIMEHSRN
6830,TS138
16468,464CHEYENNAPHN
4746,MI417
2654,Charter 6425
5788,Yampa View 305
21666,Villas at Swan's Nest #701
16594,51CUBSCOVBBFN
20937,756 Broken Lance Dr #A
21684,Villas at Swan's Nest #701
2780,Lion Sq SOUTH 464
15437,MR14-7 3x3
20985,Main Stn 2207
4495,2237
6034,1554-54429
21645,Villas at Swan's Nest #701
6490,Wmere211-2
21922,Phoenix 109
14306,2249
5986,Timber Run 305
20559,L1155
14283,1520-122078
14300,1124
2435,Borders Upper 405
15433,MR1-3 2x1
16267,CH431
20936,1498-137484
2779,Lion Sq SOUTH 462
14648,RML E225F
20681,LL101
5454,EagleRidge TH 1536
5952,Timber Run 115
20609,SB102
21836,471CASLORENASFN
21694,Villas at Swan's Nest #701
15432,MIMIS
16764,53COZYBRRFN
5869,Trailhead Ldg 5116
5944,Timber Run 109
2790,Lion Sq SOUTH 478
2611,Charter 51405
14921,WhiteWolf 1648
4432,1170
15376,BV 2T hotel 1921
4651,LOR20
2353,1243-62442
2519,Charter 3220
2476,Charter 22305
5970,Timber Run 213
21638,Villas at Swan's Nest #701
21840,471RISINSUNSFN
20945,53SMMAJMANORGFN
16271,EW204
14856,WaterHS 5404
14394,Cimarron 308
14339,BlueSky 403
4727,MI317
5268,1520-101985
2280,1243-26269
21631,53COCOABEARJCN
21909,Charter 11505
21856,472ENCHANTINGSFN
5168,1520-50605
20109,Woods Manor 204A
16926,54SMGATMAJGFN
16902,54GENTLEBMSN
3986,Torian Plaza 607
20504,BB403
21990,Ironwood 16
4800,TMB
15321,BV 0934 2x2
5259,WMere211
21881,473SFTREASURESFF
2633,Charter 6120
20599,RP14T
2692,Charter L223
4581,BCL302
14384,Cimarron 209B
18936,Woodrun 32
2363,1498-52187
21895,475PLATACIELOSFN
15312,BV 0833 3x2
4923,WL485
14693,RML RE319
5277,1520-102775
2698,Lion Sq EAST 107
15173,RiverClub2BR
17863,Beaver Run 4412
21665,Villas at Swan's Nest #701
4609,BRICK
4911,THA03
3888,Torian Creekside 315
2724,Lion Sq NORTH 194
16464,464CASAOSORGAN
14624,Riverbend 213
15296,BV 0631 3x2
4719,MI309
15295,BV 0623 2x2
4689,MI121
2796,Lion Sq SOUTH 560
16405,462JDSTREERDFN
17877,Der Steiermark 219
6807,EVG07
20501,BB351B
16562,51BEARBOTTOMSPN
21864,472SWRAILYARDSFN
4572,BCL205B
21872,473CASAVISTOSFM
14642,RML E218B
16345,PS244-2
16621,51SNUGGBEARMSN
16879,54CFMTNFLOWERN
21886,474HISTGRDNSFN
17008,57SMMTNHIDEHSRN
14741,RML W227B
5126,BCL111A
14330,BlueSky 202
16766,53ENCHANTBBFN
11528,1243-106589
14341,BlueSky 406
15354,BV 1832 2x2
14378,Cimarron 208
20990,SUN4
8970,BCL407
4626,CL30
2532,Charter 3350
16461,464ADBMTNRMWN
4735,MI406
15323,BV 1112 3x2
16605,51LOOKLOFTSGN
11831,1498-89062
2803,Lion Sq SOUTH 576
2340,1243-24175
9948,Pellas4-bed
15319,BV 0931 2x2
14416,DerStrmrk 214
5936,Timber Run 102
20594,R5061
21921,pn207
17397,1243-135661
15415,HC611 2x1
17894,Mountain Thunder 1204
16646,52BIGSKYBBFN
6006,Timber Run 406
4753,MSF08
16589,51CFSUNSETREMN
16376,TW2C
20969,BV 1712 2x2
21826,Elk Run 12
4647,GOST5
2636,Charter 6230
21809,1520-50562
20518,CB103
4896,CVB3
5783,Yampa View 111
5969,Timber Run 212
2586,Charter 4480
21173,Gold Camp II E87
11561,1520-108941
14792,Tyra1 B1B
20626,STW15
6810,ME202
20500,BB351A
16650,52CFABSPERFN
15297,BV 0711 1x1
21757,1520-54166
20493,BB302
5437,EagleRidge TH 1423
5101,1243-94579
5410,EagleRidge Ldg 108
16419,463ADBHACIRGTN
5785,Yampa View 206
2493,Charter 2440
16287,LL203
18925,Woodrun 08
16665,52CFPLACE4USN
21669,Villas at Swan's Nest #701
21771,1520-69159
15386,BW304 3x3
3585,Snow Flower 104
21668,Villas at Swan's Nest #701
14075,1554-119494
16574,51CFENCHFRSTN
21931,TS236
4706,MI218
5444,EagleRidge TH 1471
5309,Canyon Creek A303
16573,51CFCREEKROMN
15140,Der Steiermark 104
14214,Charter 6160
5271,1520-102469
21646,Villas at Swan's Nest #701
4511,2251
4682,MI114
20929,LS1687
20545,FV2575
20345,RML RE1
16739,53AWAYMTNSRN
16445,463PLAIDREWN
5082,BCF206
5213,1520-50651
17909,Sawmill Creek 115
16362,SCV301
14294,1243-130100
4786,TL312
2632,Charter 5435
15398,HC1802 2x2
2682,Charter 7410
6029,1554-54391
5701,Ski Inn 225
16477,464PARTRDGAJAN
2688,Charter L011
4874,Charter 5230
4395,1127
4560,2273
16398,462DRMCTCHRLFN
20611,SB204
16424,463ALTOPINEAPMN
11765,HC23-24
18943,Woodrun 41
5234,1520-50657
2452,Charter 1310
5185,1520-50613
6806,EVG02
2569,Charter 4370
14702,RML RW209
4487,2230
14813,Tyra2 D5
2152,Trails End 509
11785,HC41
2533,Charter 3360
3999,Torian Plaza 805
16409,462OSOBLANRSBN
2782,Lion Sq SOUTH 466
16298,PP201B
21651,Villas at Swan's Nest #701
2511,Charter 3045
20485,BB201
17017,58SMCRKSIDECCN
21995,2211
16656,52CFGOLFVIS111N
5192,1520-55134
5908,1554-60226
3111,Elk Run 06
14471,Main Stn 1202
2991,Champagne Ldg 3307
20631,T103A
2369,1243-47729
21946,54DAYDRMRHHN
2481,Charter 2320
14386,Cimarron 228
2075,GP5C
14790,Tyra1 A2F
14739,RML W226F
14173,bra104
11552,2542 Boreas Pass
15327,BV 1123 1x1
6772,2CNJ5
3924,Torian Creekside 615
20964,54MOOSEISLOOSEACN
2239,1243-26279
5214,1520-100272
21633,Villas at Swan's Nest #701
16559,510TENNTREASBTN
4691,MI201
21988,1243-146591
2394,Borders Lower 110
17870,Cedars 49
15136,BlueSky 412
21962,54STESEASONN
18938,Woodrun 34
15280,BV 0521 1x1
15353,BV 1832 1x1
21910,ML3
5076,BCF201
15269,BV 0312 2x2
18776,Phoenix 110
16867,54CFBHUNTERN
21980,Charter 7415
14915,WhiteCld 523
2641,Charter 62505
16321,PS214-1
2819,Montaneros 217
14578,Main Stn 3404
4643,GOST11
14299,1122
5107,BCL203AB
2079,LB115
3916,Torian Creekside 518
16455,463SNOWCAPRAWN
2723,Lion Sq NORTH 192
17882,Longbranch 308
2823,Montaneros 304
16877,54CFMTNCREEKN
14180,mp237
18922,Woodrun 02
16293,LS1529
3994,Torian Plaza 704
4601,BLM40
2764,Lion Sq SOUTH 370
5427,EagleRidge Ldg 307
15411,HC2506 1x2
4637,ETP07
5823,Trailhead Ldg 2126
16560,511SMSPLASHSFN
4807,VA310
21637,Villas at Swan's Nest #701
2778,Lion Sq SOUTH 461
16322,PS214-2
16427,463BEARCATRWSN
15258,BV 0124 1x1
2342,1243-47745
4789,TL333
16676,52DREAMSTPVN
21086,mp233
20973,Owl Creek 18
5459,EagleRidge TH 1575
21696,Villas at Swan's Nest #701
20947,55SMDAMRONSDREAMN
5217,1520-93921
16862,54BEARSVWCVN
16591,51CHANCEMSN
14086,1243-21391
5693,Ski Inn 135
11793,Timber Run 309A
15388,CV603 3x3
5162,1520-53910
20491,BB252
2842,Montaneros 417
2816,Montaneros 212
16349,PS2729
5966,Timber Run 210
5324,Canyon Creek B303
4506,2248
21769,1520-51924
20556,HYC450
14287,1243-127636
4693,MI203
17785,WaterHS 6106
16754,53CFMAJVIEWIIIN
4710,MI222
5838,Trailhead Ldg 3115
4671,Meribel
13801,1498-119649
14570,Main Stn 3308
5724,Stonewood 1250
11342,52 Clubhouse #50
4468,2218
4847,MI118
11802,1243-117227
11607,1554-54182
20637,TEMP7
2102,TL210
2665,Charter 7120
17011,58EMORYPFN
16893,54CFSTESEASONN
21678,Villas at Swan's Nest #701
21801,1520-105875
21746,1520-51985
8651,1243-105104
21672,Villas at Swan's Nest #701
21810,1520-102778
6052,1554-54451
4678,MI109
4877,Lion Sq EAST 211
13051,1243-118927
21798,1520-97091
15379,BV 2T hotel 2032
6041,1554-94658
2286,1498-52196
16290,LL301B
15406,HC2111 2x2
14610,ParkPlace D303
3933,Torian Creekside 711
2337,1243-43592
5990,Timber Run 310
4913,THA07
2408,Borders Lower 213
5922,1554-54491
7578,1243-104421
6855,WC504
14400,Dakota 8500
21699,Villas at Swan's Nest #701
16768,53FAVOREDDCN
21819,Beaver Run 4322
21923,334TA
16318,PS213-1
2765,Lion Sq SOUTH 372
16333,PS229
3586,Snow Flower 201
16638,52AMERICBBFN
4755,Ore02
16728,52TRAILSEBBFN
16809,53SMBRRIDGECN
2537,Charter 3460
4771,RC102
16433,463DANCINGRMGN
4443,2206
4720,MI310
2520,Charter 32205
5878,1554-54181
4657,LU6I
4919,TL206
20678,220KING
2443,Charter 1160
14440,Junction 06
11782,HC40
5110,BCL205A
16789,53OVERLOOKNOSMN
14462,Liftside 16B
17924,Village at Breck 4708
14308,sw177
4926,C102E
6816,ME406
18244,Phoenix 211
11837,1498-115431
4891,CJ307
2729,Lion Sq NORTH 288
20582,PP7
18921,Owl Creek 20
20571,NF860
14422,ElkRidge 428
2773,Lion Sq SOUTH 452
16449,463RUIRTRTTRCN
16671,52CHERMEMCNN
4402,1135
5159,1520-51985
4809,VillT209
18902,Enclave 205
20529,DJF
18946,Woodrun 46
14714,RML RW303
18935,Woodrun 25
6067,PP208
4542,2264
15317,BV 0924 2x2
14092,BCL212B
21804,1520-50559
11588,72 Clubhouse
5187,1520-50688
4600,BLM32A
11838,1498-115432
14302,1156
16945,54TWINCRK321N
20108,368 Settlers Dr
5149,1520-50561
5171,1520-50586
16313,PS140
20971,52ITSLOVERRN
15292,BV 0621 1x1
2110,39 White Cloud
16633,52ABOVEBCVN
21787,1520-50617
16570,51CFAFSAFARIN
11583,1243-109055
5362,Chateau Chamonix 223
2707,Lion Sq EAST 213
4591,BCL403
2628,Charter 53305
17999,Phoenix 230
2585,Charter 4475
21626,Villas at Swan's Nest #701
15410,HC2501 1x2
21189,53TUCKEDINCVN
21794,1520-95450
18245,Trailhead Ldg 4120
14260,VA103
5397,Dulany 306
2233,1243-64485
14710,RML RW220
2270,1243-21449
2534,Charter 3430
14815,Tyra2 E1
6781,BT515
6024,1554-63968
11774,HC32
5301,Canyon Creek A103
14286,1520-122079
17904,River Mt. Lodge W210
5451,EagleRidge TH 1512
15364,BV 2011 2x2
16813,53SMHEMLOCKMHHN
2082,MK1
14081,1243-120260
3931,Torian Creekside 618
11592,Tannenbaum 105
4783,TL305
2559,Charter 42805
14080,1243-120947
14418,DerStrmrk 215
2402,Borders Lower 206
17860,Beaver Run 4237
5871,Trailhead Ldg 5120
21208,462SOUSLORSGN
14072,1243-119464
21885,474CASAOLIVIASFN
5070,BCF102
16959,55CFHAWKPOINTN
5929,1554-54383
2101,TE207
4628,DA485
6002,Timber Run 402
13294,Asgard Haus 703
21700,Villas at Swan's Nest #701
14189,wb302
5378,Christie Club 306
16307,PS124
20966,464HILLTOPRMAN
2829,Montaneros 314
11937,1243-117862
16367,TPA104
20943,53MTNCRUISINGVN
21565,58MTNVIEWLDGGFN
18956,Woodrun 58
14351,BlueSky 504
14538,Main Stn 1505
21743,1520-101887
15463,TRVista 103 Studio
21776,1520-50679
14100,ETT107
20522,CB207
11936,1243-117691
15289,BV 0612 2x2
20497,BB308A
15147,KeyCondo 2957
4566,BCL108
4667,MBB08
14716,RML RW304
2468,Charter 21305
20552,HC22B
16329,PS223-1
20950,Norwegian Log 204
16947,55BEARCRKACN
2546,Charter 42105
14743,RML W312L
2597,Charter 5035
16581,51CFROMRIDGEN
20499,BB308Combo
16849,54ADVENTRACN
14640,RML E217F
21949,53WOODLDESPEAVN
11754,Lion Sq EAST 101
14632,RML E118F
2460,Charter 1430
16458,463TWOSISRRWN
4694,MI204
21734,1520-50598
16690,52LIFESESCSPN
21059,56SMVIEWLODGESFN
2071,BV132
11530,122Nspruce
6838,TS233
5844,Trailhead Ldg 3126
16895,54CFTMBSTONEN
11081,Trailhead Ldg 5106
16712,52SMMILLIONGFN
4818,1243-94195
2730,Lion Sq NORTH 290
5828,Trailhead Ldg 3105
21747,1520-102679
5438,EagleRidge TH 1425
2123,Der Steiermark 101
5440,EagleRidge TH 1442
15358,BV 1921 2x2
14818,Tyra2 S234
20694,Phoenix 108
2088,MR12
15393,HC1016 1x1
21844,472ARTRD2SFN
16275,EWH
5190,1520-96011
5435,EagleRidge TH 1414
2836,Montaneros 406
11769,HC26
4559,2271
2735,Lion Sq NORTH 384
5678,Ptarmigan House 27
20555,HC33B
2678,Charter 7215
14355,BlueSky 510
21681,Villas at Swan's Nest #701
5408,EagleRidge Ldg 106
4773,RD01
5163,1520-50656
5222,1520-50637
20633,T105B
14326,Antlers A32
16296,PK3
2795,Lion Sq SOUTH 556
16795,53RIVERCTDTN
6063,Gore Creek Place 13
4386,1116
17013,58GRDMTNSPLASHBCN
5197,1520-100047
16439,463LITHEAVENRLPN
16647,52BLUEMISTBBFN
5091,1243-94789
4564,BA14
14817,Tyra2 L17
2833,Montaneros 321
2515,Charter 3150
14582,Main Stn 3406
21174,Gold Camp II E89
5111,BCL205AB
2604,Charter 5120
14514,Main Stn 1315
16300,PS110
15298,BV 0711 2x2
20602,RPB2
14616,RiverBank 2922
21162,463LUCKYBEARDMN
11788,HC44
21955,53LAZYCUBLDGPFN
16841,53STARDNCCNN
3876,Torian Creekside 112
11781,HC37
15371,BV 2033 1x1
11762,HC21
11783,HC40-41
11489,MC401
2699,Lion Sq EAST 109
5273,1520-102677
15154,Sundowner2 128
14310,WP340A
11845,TL307
14063,1243-119345
5118,BCL301AB
2672,Charter 7150
21986,Trappeurs Ldg 1309
2570,Charter 43705
5258,Meadows Hanover 3
14362,BlueSky 601
16999,56CFGRBEARLDGN
5720,Snow Flower 105
14160,VA304
5072,BCF103
2705,Lion Sq EAST 205
16617,51SMFUNGAMESSHN
4775,RivEdgeA
2514,Charter 3135
2393,Borders Lower 109
5289,Antlers 114
2577,Charter 4425
4422,1162
2603,Charter 5115
16837,53SMSTARHOPESCN
15328,BV 1123 2x2
16431,463CBNCRKRDDN
14165,1243-120898
2528,Charter 3335
4747,MI418
14794,Tyra1 B1E
2130,inner circle 6
5884,1554-54294
2424,Borders Lower 502
21878,473GARCADOBESFN
11844,1498-95713
15403,HC1913 2x2
14490,Main Stn 1213
5830,Trailhead Ldg 3107
2545,Charter 4210
14546,Main Stn 2204
20471,6588L
2124,Der Steiermark 110
5905,1554-54248
4905,SP296
16492,467EGLCREEKRTMN
21978,Charter 7165
5139,1243-101298
11595,1243-111192
18942,Woodrun 38
16658,52CFMISTVIEWN
4389,1120
4717,MI307
4751,MI422
5095,1243-95776
15397,HC1607 1x1
20516,CB101
2653,Charter 63505
21273,Borders Upper 308
5441,EagleRidge TH 1455
15346,BV 1814 1x1
5910,1554-65261
2406,Borders Lower 210
16425,463AMYSLILRAPN
5870,Trailhead Ldg 5117
2436,Charter 1110
16317,PS213
5106,BCL203A
20608,S2071
4661,MBB02
16586,51CFSECLROMN
16843,53SUMVISTASGN
21806,1520-96725
3961,Torian Plaza 502
5935,Timber Run 101
7904,Slopeside
11804,1243-117215
21953,52MAJESTWATERSAVN
20615,SCL108
16654,52CFEAGNESTIIN
16767,53ENDLESSBBFN
20598,RBS3828
4652,LU4B
2622,Charter 5225
3908,Torian Creekside 514
4685,MI117
4728,MI318
4898,MP503
15276,BV 0424 2x2
4855,Vista House
2642,Charter 6255
5147,1520-50631
5867,Trailhead Ldg 5114
14289,1243-130208
17901,River Mt. Lodge E306
16254,1025PARK
15135,1520-132763
4605,BLM40P
18907,Enclave 212
5261,1520-102679
5921,1554-54355
4692,MI202
18896,Enclave 101
16288,LL301
16364,SUNA7
14868,WaterHS 6111
2425,Borders Lower 504
16346,PS247
14447,Junction 20
3992,Torian Plaza 703
16578,51CFLILBEARN
20934,53SIMPLYSERENEBTN
5987,Timber Run 305A
20695,Phoenix 202
16471,464GRAYWOLFRJDN
14293,1243-130232
16341,PS236-2
14670,RML RE219
18911,Enclave 306
2420,Borders Lower 404
2605,Charter 51205
5252,1520-50662
4619,CI51
17931,Woods 115
16281,G306
16361,SCV103
11586,1243-109799
21280,BHV5569-3405
5186,1520-95450
4680,MI112
4700,MI211
20214,Phoenix 101
20543,FS4159
16714,52SMMTNMISTHSRN
15159,WaterHS 6409
5280,1520-102815
14494,Main Stn 1215
16324,PS216-1
14896,WaterHS 6406
11787,HC43
2637,Charter 62305
15427,KC 6 3x3
21263,462FIFTHDIMRJBN
21930,TS234
21811,1520-102761
2601,Charter 5110
21667,Villas at Swan's Nest #701
14848,WaterHS 5306
2470,Charter 2140
5927,1554-82269
14757,Saddlewood I41
21845,472ARTRD30SFN
2261,1243-24176
16989,55SMKRISECVN
4403,1147
4426,1164
14892,WaterHS 6404
21673,Villas at Swan's Nest #701
21934,TS334
16637,52ALPWINDCNN
4846,1243-93481
16415,462WHSPRVRRMBN
14382,Cimarron 209
20536,EC307
20965,Longbranch #201
16750,53CFELKHORNN
2679,Charter 7310
2464,Charter 1460
17858,Beaver Run 36450
4883,C1205
16752,53CFGODSLILN
21854,472COWVILLASFN
20527,CS207
2680,Charter 73105
2648,Charter 63205
21682,Villas at Swan's Nest #701
18908,Enclave 213
5846,Trailhead Ldg 4104
16473,464LANGSTNRDLN
16277,EWR
20622,SN300
20515,C2684
14530,Main Stn 1413
16751,53CFEMARALDN
16385,462ALPANNIRALN
16852,54AMERHERMSN
14506,Main Stn 1309
16494,469ABBEYRRAN
3607,Snow Flower 212
2629,Charter 5335
10518,CHAMB
4633,DiamondTooth
2213,1243-74598
2531,Charter 3345
21655,Villas at Swan's Nest #701
16991,55STARRYNCVN
4722,MI312
17898,Placer Ridge 512
4869,Charter 3125
15299,BV 0712 1x1
2245,1243-49702
5493,La Casa 08
4796,TL529
14686,RML RE310
4732,MI402
14820,Tyra2 S237
14580,Main Stn 3405
16662,52CFNATBEAUN
5917,1554-54351
15286,BV 0534 1x1
17866,Beaver Run 4707
14811,Tyra2 C338
16632,51WOODSNGDCN
21807,1520-100047
11805,1243-117145
21976,Charter 7115
18725,462SUGARCHARTJN
16963,55CFMTNPAWSN
21996,2213
5391,Dulany 204
6808,G174
5909,1554-77547
14658,RML RE118
2985,Champagne Ldg 3208
2541,Charter 4140
14164,1243-121031
5820,Trailhead Ldg 2120
20586,PS18A
15369,BV 2032 1x1
3918,Torian Creekside 519
16628,51WALKCLRFN
16336,PS232-2
6491,Wmere311-2
16493,468BLUEBEARRRMN
16756,53CFMTNCHARMN
2734,Lion Sq NORTH 382
11752,Charter 53405
4698,MI208
14534,Main Stn 1502
2614,Charter 51505
21928,PON3C
20614,SCL102
16708,52SMCROWNCBBLN
16943,54TENNWALTSGFN
21594,Trappeur's Ldg 1309
2802,Lion Sq SOUTH 572
20592,R5012
15394,HC1503 1x1
2335,1243-73718
2503,Charter 3020
15260,BV 0131 3x2
3116,Emerald Ldg 5108
2431,Borders Upper 303
20925,Antlers at Lakota 103 3x3.5
2757,Lion Sq SOUTH 273
21654,Villas at Swan's Nest #701
20603,RPG5
16303,PS120
5949,Timber Run 113A
2145,Ski Hill 18
6798,CH508
21664,Villas at Swan's Nest #701
2749,Lion Sq SOUTH 168
14426,Exp Stn 8615
2122,Crystal Peak Lodge 7501
21683,Villas at Swan's Nest #701
16961,55CFJOURNEYN
4636,ETP06
14432,Gold King 69
15465,TRVista 316 Std loft
4884,C1504
16626,51THREEBRSHN
21005,1243-139291
18926,Woodrun 09
14089,BCL207
14305,2232
17889,Los Pinos C12
16382,461ELTIGRERSBN
2133,Los Pinos E-11
6000,Timber Run 317
21892,475DORTHGRDNSFF
14161,YB01
20513,BHV5547
5736,Waterford 21
21608,Sundowner II #320
2457,Charter 13505
4695,MI205
10634,1520-102647
14646,RML E220B
4696,MI206
4412,1152
14518,Main Stn 1403
21929,TS232
2479,Charter 22405
16399,462FOXHOLL01FXN
18854,1243-136465
20584,PRC4
20490,BB251
4684,MI116
20962,SS400 3x3.5
5078,BCF202
15348,BV 1821 2x2
2702,Lion Sq EAST 115
16416,462WINEPINEAJLN
5083,BCF206S
21817,1520-112933
5431,EagleRidge Ldg 312
2098,RE210
5787,Yampa View 302
2338,1498-69093
18933,Woodrun 23
14360,BlueSky 516
4668,MBB09
15380,BV 2T hotel 2033
4729,MI320
2977,Champagne Ldg 3108
5850,Trailhead Ldg 4108
15447,MR8-6 2x1
2260,1243-52490
14874,WaterHS 6207
15359,BV 1923 1x1
2427,Borders Upper 108
21698,Villas at Swan's Nest #701
16898,54CHIMNEYBBFN
20464,1275SRA
2564,Charter 4340
18889,Chamonix 31
5170,1520-50649
3606,Snow Flower 304
16331,PS227
14337,BlueSky 401
5398,Dulany 403
4441,2203
16319,PS213-2
2214,1498-52188
11585,Trailhead Ldg 4124
20627,SUN2
6026,1554-54432
14604,ParkLofts 305
15345,BV 1734 2x2
6785,C2308
2096,PMV
2610,Charter 5140
16616,51SMDRCATCH2AVN
15365,BV 2023 1x1
18887,Chamonix 26
4658,LU6J
20679,EW113
4687,MI119
20596,RBS3708
4608,BM211
16682,52GRESCPACN
15272,BV 0333 2x2
2248,1243-26270
14831,WaterHS 5107
4614,CEN302
3614,Snow Flower 309
5092,1243-96683
4730,MI322
16938,54SMSCENICSHSN
3963,Torian Plaza 503
16451,463SIERGRCRCJN
2463,Charter 1455
5142,Cortina 8
14628,Riverbend 302
17925,Village Chateaux 1053
14466,Los Pinos C22
21753,1520-56825
14844,WaterHS 5304
5998,Timber Run 316
21799,1520-50583
21793,1520-131316
2644,Charter 6310
21658,Villas at Swan's Nest #701
14475,Main Stn 1204
5294,Antlers 125
4816,WP545C
21085,462TREETOPRLRN
14606,ParkPlace B201
2332,1243-92211
21366,267 Protector Circle
15334,BV 1612 2x2
2592,Charter 5020
2509,Charter 3040
16587,51CFSOLIDGOLDN
5165,1520-50559
5485,Kutuk 303
2411,Borders Lower 305
9525,Greystone
21841,472ALAMEDASFF
11842,1498-87888
5964,Timber Run 205A
3982,Torian Plaza 605
3935,Torian Plaza 203
14171,br101b
4906,TC107
2475,Charter 2230
2824,Montaneros 306
16564,51BEARHUGBBFN
11557,1554-108504
18890,Chamonix 33
5809,Trailhead Ldg 2104
2324,1243-40070
16286,LL102
16973,55HAVBLASTN
16418,463AARONABNN
16320,PS214
14328,Bison Xing
14764,SilvMill 8295
14408,DerStrmrk 116
5079,BCF202S
21918,1498-140274
4814,WMere311
2364,1243-47748
16797,53RIVEREDRSN
2549,Charter 42205
21924,AX417
5203,1520-50620
16276,EWO
14763,SilvMill 8176
4531,2261
14233,NSJ303
16565,51BEARNECSPN
6950,1520-104595
20483,BB150
16279,FPC1
14718,RML RW307
5825,Trailhead Ldg 3102
14356,BlueSky 512
14076,1554-118683
21852,472CITYVIEWSSFN
3926,Torian Creekside 613
2695,Charter L333
21894,475OTROMUNDOSFM
21947,56ROCKYTOPLDGCVN
16475,464LAPUNTAAJCN
16748,53CFBELLAYANIN
16734,53ABOVALLBBFN
21755,1520-50600
21888,474MOONSTARSFN
21634,Villas at Swan's Nest #701
2125,Der Steiermark 113
4434,1172
18950,Woodrun 51
2627,Charter 5330
4829,Cascades McLaughlin 4
17003,57SLEEPBEARPFN
21916,52RAMBROSESHN
15350,BV 1823 2x2
20639,TW5B
2454,Charter 1330
17896,Park Place 205B
4892,CJ404
17915,Village at Breck 1402
16689,52LAZYMOOSHN
20510,BC503
2755,Lion Sq SOUTH 262
5255,1520-57686
2656,Charter 64405
15176,1243-135101
15441,MR20-10 2x2
16793,53RESTBEARSCNN
20530,DV267
2831,Montaneros 318
21763,1520-50635
5085,BCF210S
14536,Main Stn 1504
4709,MI221
5081,BCF204S
14209,1243-123835
5120,BCL305AB
16280,FV2919
16723,52SMVIEWCHALDCN
16463,464ANTMTNRHEN
16373,TPC201
2423,Borders Lower 501
5266,Cloud Peak Vista
6801,EM422
14204,1243-123110
2461,Charter 1450
21589,BV Q&T Hotel 1712
2754,Lion Sq SOUTH 258
5826,Trailhead Ldg 3103
3885,Torian Creekside 214
18903,Enclave 207
20554,HC27C
2606,Charter 5125
5216,1520-50610
11768,HC25-26
14827,Village 2504
16636,52ALPINECVN
5075,BCF104S
16413,462STNTHRORRPN
2526,Charter 3330
5073,BCF103S
4916,THB05
21725,1520-119652
21981,Junction 03
2343,1243-47747
4736,MI407
21100,57BIGBEARLDGE2RRN
16747,53CFBEARHYDEN
14181,pv102
21783,1520-122078
14656,RML RE117
2621,Charter 52205
5925,1554-54466
2128,Der Steiermark 212
14207,1243-122945
16606,51MAGICALMSN
5380,Christie Club 316
5404,EagleRidge Ldg 102
5811,Trailhead Ldg 2106
20050,Highlander 324
15290,BV 0614 1x1
2422,Borders Lower 406
20549,GL301
14912,WhiteCld 487
21625,Villas at Swan's Nest #701
5417,EagleRidge Ldg 208
5323,Canyon Creek B301
5236,1520-56487
15156,Vil Point 209
3464,Meadows Hanover 4
17058,464CASAELERPJN
21615,bv302aa
2626,Charter 5250
21680,WaterHS 5104
21578,Bates
11828,1498-106341
4909,TC209
5184,1520-51924
4688,MI120
21707,G113
2077,HG17L
18308,BV 1733 2x2
17910,Sundowner II 324
6027,1554-54437
2205,1243-78243
6072,WL274
18909,Enclave 303
3906,Torian Creekside 513
11780,HC36
16289,LL301A
16312,PS139
14878,WaterHS 6209
4392,1123
21728,1520-102767
14889,WaterHS 6311
15325,BV 1113 2x2
20933,1243-138516
5419,EagleRidge Ldg 211
16744,53CF3BEARSIIN
5458,EagleRidge TH 1573
14229,1498-123789
5983,Timber Run 302
15426,Jabberwocky Home
4476,2223
5426,EagleRidge Ldg 306
16773,53HIDNHVNBBFN
16284,LB15
16891,54CFSTANDAWEN
14088,1498-120836
21670,Villas at Swan's Nest #701
2197,1243-47781
14488,Main Stn 1211
18934,Woodrun 24
4589,BCL311
5889,1554-54302
14548,Main Stn 2205
21948,52PUREINDGCEAVN
21890,474SUNSETHVNSFN
21740,1520-102815
4669,MBB10
14236,Charter 6210
14104,MT115
16641,52BEARCAVDCN
2774,Lion Sq SOUTH 454
16930,54SMHOLLYSFN
6777,BB305
2714,Lion Sq EAST 313
15453,Snowblaze 205 studio
14169,1520-121955
16975,55LAPOFLUXBTN
21975,Charter 4285
4837,CHAMD
16965,55CFNEWBEGINN
5873,Trailhead Ldg 5124
5822,Trailhead Ldg 2124
4865,Charter 1440
2781,Lion Sq SOUTH 465
21919,1498-143214
21592,Trappeur's Ldg 1207
15412,HC315 1x1
14064,1520-119652
16432,463CWBYINDRKWN
16693,52NATUREH321N
21853,472COWACEQSFN
2708,Lion Sq EAST 215
4683,MI115
17868,Blue Front A
3930,Torian Creekside 715
13561,1243-118434
2578,Charter 4430
5414,EagleRidge Ldg 203
21058,553BEARSCHALETCVN
4887,CJ206
5425,EagleRidge Ldg 305
21759,1520-50621
11775,HC33
14676,RML RE224
4623,CL14
15267,BV 0232 1x1
21933,TS244
20956,Phoenix 121
21785,1520-50637
2744,Lion Sq SOUTH 158
2318,1243-47783
2647,Charter 6320
16648,52BROOKT321N
2492,Charter 2435
14576,Main Stn 3403
2300,1243-67268
21163,Cimarron 207
5818,Trailhead Ldg 2117
15329,BV 1133 1x1
2762,Lion Sq SOUTH 368
15405,HC2007 2x2
21662,Villas at Swan's Nest #701
2474,Charter 2220
4577,BCL212
21913,53TAKEITEASYPFN
2684,Charter 7415
21838,471CUBEROCASSFN
15291,BV 0614 2x2
5117,BCL212AB
17905,River Mt. Lodge W404
16430,463CASABIENRBMN
15152,Saddlewood I29
4761,PELLAS
18928,Woodrun 14
20940,464ALTOCOZYABBN
4842,Trails End 201
2788,Lion Sq SOUTH 474
2339,1243-40071
20935,PV2250
18895,Chamonix 46
2620,Charter 5220
2525,Charter 3250
20520,CB202
2598,Charter 5040
4584,BCL305B
4517,2252
2733,Lion Sq NORTH 380
21884,473VISTACIELOSFN
14528,Main Stn 1412
6054,1554-54390
5988,Timber Run 307
15374,BV 2T hotel 0922
4757,P514B
16779,53MTNHAVNMSN
20621,SN107
16726,52SWTBLESSCVN
16620,51SMPICTURESCN
21994,1130
15377,BV 2T hotel 1934
21943,1243-143583
21982,WP330A
5912,1554-54395
17888,Los Pinos C11
14838,WaterHS 5205
11756,1243-115597
15409,HC2203 2x2
16459,463UPCANCBNRWBN
16577,51CFKISSCLDSN
15361,BV 1932 2x2
2663,Charter 71105
21814,1520-102775
5817,Trailhead Ldg 2116
20476,ALSH4
20525,CB311
16966,55DRMSCAPPVN
15326,BV 1114 4x3
16765,53CUBSCORBBFN
5938,Timber Run 103A
2581,Charter 4455
21786,1520-132763
4912,THA05
14186,Tmic220
2710,Lion Sq EAST 307
16426,463BEARBUTRJPN
21567,464FRENCHPAFFN
16629,51WHISPSECWVN
2568,Charter 4360
15443,MR28-6 3x2
21823,Emerald Ldg 5209
5089,BCF402S
18963,Borders Lower 212
20147,1243-136724
21803,1520-121969
5945,Timber Run 110
16711,52SMHVNVIEWGFN
16725,52SUMGB6303CSGN
21768,1520-108287
20519,CB104
14313,1113
21964,1243-145157
14727,RML W116B
21917,1498-140614
14231,Cimarron Twn 1
5219,1520-50627
3993,Torian Plaza 705
21775,1520-96011
2093,PC104
20542,FOX7
6853,WC402
5843,Trailhead Ldg 3124
21741,1520-106890
16579,51CFMTNHIDEN
6775,AX421
16652,52CFCLOSEHVNN
2455,Charter 1340
5220,1520-61273
21813,1520-119744
16391,462BEARFOOTRLSN
5957,Timber Run 118
2652,Charter 6350
21839,471ELNIDO284BSFN
2089,MR5
14284,1520-122075
5119,BCL305A
21571,Woodrun 54
14082,1243-120901
15449,Pole Creek Golf Home
4390,1121
20466,170MN
14174,bv102cc
18953,Woodrun 55
3600,Snow Flower 210
4676,MI106
2736,Lion Sq NORTH 386
4373,1105
14243,1243-21365
5407,EagleRidge Ldg 105
16369,TPB204
21875,473CATCHWINDSFN
20550,HC21C
21642,Villas at Swan's Nest #701
14213,Charter 3145
5931,1554-54436
21739,1520-50605
2325,1243-21371
16561,51AMZGRACEGFN
5108,BCL203B
20473,685RH
21850,472BUTTERFLYSFN
